Fulfil Customer Shipments Fulfil Customer Shipment Number,Fulfil Customer Shipments Create Time,Fulfil Customer Shipments Assigned Time,Fulfil Customer Shipments Picking Started Time,Fulfil Customer Shipments Picked Time,Fulfil Customer Shipments Weight,Fulfil Customer Shipments Shipped Time
CS116087,2022-07-22 9:36:45,2022-07-22 9:36:49,2022-07-22 9:53:42,2022-07-22 10:00:11,117.6,
CS116080,2022-07-22 9:19:06,2022-07-22 10:35:08,2022-07-22 10:35:19,2022-07-22 10:35:21,164,
CS116075,2022-07-22 8:59:39,2022-07-22 8:59:45,2022-07-22 9:52:07,2022-07-22 10:16:43,738,
CS116063,2022-07-22 8:17:01,2022-07-22 8:17:05,2022-07-22 8:49:13,2022-07-22 9:30:00,131.07,
CS116052,2022-07-22 7:43:46,2022-07-22 7:43:55,2022-07-22 10:04:16,2022-07-22 10:29:40,84,
CS116047,2022-07-22 7:36:32,2022-07-22 10:10:24,2022-07-22 10:10:31,2022-07-22 10:10:33,2.32,
CS116046,2022-07-22 7:36:11,2022-07-22 10:11:54,2022-07-22 10:11:59,2022-07-22 10:12:01,6.81,
CS116044,2022-07-22 7:34:08,2022-07-22 7:34:15,2022-07-22 10:04:59,2022-07-22 10:17:15,216.37,
CS116042,2022-07-22 7:27:24,2022-07-22 7:27:26,2022-07-22 10:04:25,2022-07-22 10:29:47,29.58,
CS116039,2022-07-22 7:17:14,2022-07-22 7:17:17,2022-07-22 8:56:48,2022-07-22 10:13:12,"2,970",
CS116038,2022-07-22 7:16:25,2022-07-22 7:16:26,2022-07-22 8:56:39,2022-07-22 10:13:20,"2,970",
CS116035,2022-07-22 6:44:19,2022-07-22 8:48:02,2022-07-22 8:48:07,2022-07-22 8:48:08,53.34,
CS116033,2022-07-22 6:35:45,2022-07-22 6:35:47,2022-07-22 7:34:02,2022-07-22 7:46:23,"3,696",
CS116030,2022-07-22 6:09:52,2022-07-22 7:59:59,2022-07-22 8:00:04,2022-07-22 8:00:05,15,
CS116029,2022-07-22 4:21:35,2022-07-22 4:21:45,2022-07-22 10:02:38,2022-07-22 10:25:34,"1,068",
CS116027,2022-07-21 23:55:56,2022-07-21 23:56:00,2022-07-22 9:43:19,2022-07-22 10:25:19,431.2,
CS116026,2022-07-21 23:24:47,2022-07-21 23:24:52,2022-07-22 9:15:21,2022-07-22 9:51:23,747.93,
CS116025,2022-07-21 22:45:41,2022-07-21 22:45:44,2022-07-22 9:31:12,2022-07-22 9:41:52,84,
CS116022,2022-07-21 21:57:27,2022-07-21 22:13:57,2022-07-22 7:21:16,2022-07-22 7:21:19,113.12,2022-07-22 9:16:21
CS116021,2022-07-21 21:56:00,2022-07-21 22:13:57,2022-07-22 6:17:07,2022-07-22 7:59:36,98.8,
CS116020,2022-07-21 21:49:45,2022-07-21 21:49:51,2022-07-22 9:34:51,2022-07-22 9:51:33,0,
CS116020,2022-07-21 21:49:45,2022-07-21 21:49:51,2022-07-22 9:34:51,2022-07-22 9:51:33,461.5,
CS116019,2022-07-21 21:46:37,2022-07-21 21:46:39,2022-07-22 9:31:36,2022-07-22 9:42:19,3.2,
CS116017,2022-07-21 21:26:03,2022-07-21 21:26:07,2022-07-22 9:31:20,2022-07-22 9:42:13,11.87,
CS116016,2022-07-21 20:58:05,2022-07-21 20:58:10,2022-07-22 9:34:02,2022-07-22 10:01:14,292,
CS116014,2022-07-21 20:00:58,2022-07-21 20:01:01,2022-07-22 9:13:10,2022-07-22 9:34:21,96,
CS116012,2022-07-21 19:31:44,2022-07-21 19:31:51,2022-07-21 19:33:18,2022-07-21 21:12:59,4,
CS116011,2022-07-21 19:23:49,2022-07-21 19:23:51,2022-07-22 9:52:36,2022-07-22 10:01:50,"1,387.90",
CS116009,2022-07-21 19:21:27,2022-07-21 19:21:30,2022-07-22 8:32:26,2022-07-22 8:57:16,595.5,
CS116006,2022-07-21 18:26:51,2022-07-21 18:26:58,2022-07-22 8:31:22,2022-07-22 9:08:28,750.72,
CS116005,2022-07-21 18:22:41,2022-07-21 18:33:57,2022-07-21 18:38:08,2022-07-22 7:57:19,26.7,
CS116003,2022-07-21 18:19:52,2022-07-21 18:19:57,2022-07-22 9:31:28,2022-07-22 9:42:07,3.2,
CS116002,2022-07-21 18:17:43,2022-07-21 18:17:45,2022-07-21 18:19:24,2022-07-21 21:10:26,1.46,2022-07-22 9:21:03
CS115998,2022-07-21 18:14:22,2022-07-21 18:14:29,2022-07-22 7:38:19,2022-07-22 8:30:56,"1,081.80",
CS115996,2022-07-21 18:08:02,2022-07-22 7:14:52,2022-07-22 7:14:58,2022-07-22 7:14:59,67.2,
CS115995,2022-07-21 18:07:53,2022-07-21 18:08:03,2022-07-22 7:48:46,2022-07-22 7:56:35,168,
CS115994,2022-07-21 18:05:57,2022-07-21 18:06:02,2022-07-21 19:27:12,2022-07-21 21:27:32,"3,647.77",2022-07-22 10:21:23
CS115993,2022-07-21 18:02:53,2022-07-21 18:02:55,2022-07-22 7:13:56,2022-07-22 7:22:02,0.57,
CS115992,2022-07-21 17:49:39,2022-07-21 17:49:46,2022-07-22 9:01:56,2022-07-22 9:58:47,"2,937",
CS115991,2022-07-21 17:48:26,2022-07-21 17:48:28,2022-07-22 8:55:43,2022-07-22 10:12:58,"3,465",
CS115988,2022-07-21 17:45:56,2022-07-21 17:45:58,2022-07-21 21:04:19,2022-07-21 21:15:04,"2,640",2022-07-22 8:57:15
CS115986,2022-07-21 17:26:16,2022-07-22 9:41:50,2022-07-22 9:41:57,2022-07-22 9:42:03,"5,770",
CS115985,2022-07-21 17:26:04,2022-07-21 17:26:18,2022-07-22 8:00:27,2022-07-22 8:27:15,"3,375",
CS115984,2022-07-21 17:20:30,2022-07-21 17:20:33,2022-07-21 20:04:45,2022-07-21 20:16:58,320,2022-07-22 8:07:52
CS115978,2022-07-21 17:02:22,2022-07-21 21:08:59,2022-07-21 21:09:11,2022-07-21 21:09:12,8,
CS115977,2022-07-21 17:00:28,2022-07-21 21:12:05,2022-07-21 21:12:43,2022-07-21 21:12:48,18,
CS115976,2022-07-21 17:00:24,2022-07-21 17:00:31,2022-07-22 9:13:23,2022-07-22 9:36:05,129,
CS115974,2022-07-21 16:52:48,2022-07-21 16:52:57,2022-07-22 8:05:05,2022-07-22 8:16:01,287.93,
CS115973,2022-07-21 16:52:26,2022-07-21 16:52:30,2022-07-22 7:41:17,2022-07-22 8:00:47,89,
CS115967,2022-07-21 16:39:48,2022-07-21 16:39:59,2022-07-22 8:27:46,2022-07-22 9:26:27,767.76,
CS115960,2022-07-21 16:27:47,2022-07-22 8:34:54,2022-07-22 8:35:23,2022-07-22 8:35:25,"9,058.50",
CS115959,2022-07-21 16:27:36,2022-07-22 7:17:17,2022-07-22 9:01:43,2022-07-22 9:59:14,"2,821.50",
CS115955,2022-07-21 16:18:28,2022-07-21 16:18:32,2022-07-22 8:16:21,2022-07-22 8:30:06,300,
CS115951,2022-07-21 16:02:24,2022-07-21 16:02:29,2022-07-21 16:03:12,2022-07-21 21:13:51,"3,870.90",
CS115950,2022-07-21 16:00:45,2022-07-21 16:00:48,2022-07-22 7:57:45,2022-07-22 8:04:41,434,
CS115949,2022-07-21 15:59:34,2022-07-21 15:59:42,2022-07-21 17:02:23,2022-07-21 20:43:41,4,2022-07-22 10:05:11
CS115942,2022-07-21 15:53:47,2022-07-21 19:02:06,2022-07-21 19:02:11,2022-07-21 19:02:14,10,2022-07-22 9:04:19
CS115941,2022-07-21 15:47:46,2022-07-22 7:17:21,2022-07-22 7:17:23,2022-07-22 7:17:25,73.05,
CS115940,2022-07-21 15:47:43,2022-07-21 15:47:47,2022-07-22 8:01:16,2022-07-22 8:44:06,373.85,
CS115939,2022-07-21 15:45:37,2022-07-21 15:53:57,2022-07-21 17:13:34,2022-07-21 17:13:37,"3,960",
CS115938,2022-07-21 15:45:27,2022-07-21 15:53:57,2022-07-21 17:12:40,2022-07-21 17:13:20,"3,960",
CS115937,2022-07-21 15:39:14,2022-07-21 15:39:16,2022-07-21 15:48:21,2022-07-21 20:16:43,"1,824.48",
CS115936,2022-07-21 15:39:05,2022-07-21 19:01:03,2022-07-21 19:01:11,2022-07-21 19:01:15,48.05,
CS115934,2022-07-21 15:39:01,2022-07-21 15:39:07,2022-07-22 7:24:24,2022-07-22 7:47:38,"2,770.15",
CS115932,2022-07-21 15:34:55,2022-07-21 15:35:00,2022-07-21 15:48:09,2022-07-21 15:51:32,"7,819.20",
CS115930,2022-07-21 15:33:31,2022-07-21 19:00:31,2022-07-21 19:00:36,2022-07-21 19:00:37,1.32,
CS115928,2022-07-21 15:33:25,2022-07-21 15:33:33,2022-07-21 17:43:30,2022-07-21 17:57:33,958,
CS115927,2022-07-21 15:32:22,2022-07-21 15:32:25,2022-07-22 8:08:04,2022-07-22 8:47:45,"1,465.08",
CS115924,2022-07-21 15:16:45,2022-07-21 18:18:16,2022-07-21 18:18:23,2022-07-21 18:18:25,1.32,
CS115922,2022-07-21 15:16:33,2022-07-21 15:16:46,2022-07-22 6:59:49,2022-07-22 7:33:27,678,
CS115916,2022-07-21 15:05:08,2022-07-21 15:05:13,2022-07-22 7:24:46,2022-07-22 8:17:29,641.65,
CS115912,2022-07-21 15:02:07,2022-07-22 6:35:47,2022-07-22 7:34:08,2022-07-22 7:59:30,"1,782",
CS115911,2022-07-21 15:00:41,2022-07-21 15:00:45,2022-07-21 19:19:54,2022-07-21 20:12:05,793.84,2022-07-22 9:10:24
CS115910,2022-07-21 15:00:27,2022-07-21 15:00:30,2022-07-21 19:10:39,2022-07-21 19:29:52,"1,568",2022-07-22 9:32:40
CS115909,2022-07-21 14:59:51,2022-07-21 14:59:55,2022-07-21 18:52:33,2022-07-21 19:14:20,"2,616.60",
CS115908,2022-07-21 14:54:39,2022-07-21 14:54:41,2022-07-22 7:23:57,2022-07-22 7:40:45,387.35,
CS115907,2022-07-21 14:51:17,2022-07-22 8:47:29,2022-07-22 8:47:32,2022-07-22 8:47:34,125,
CS115906,2022-07-21 14:50:47,2022-07-21 18:17:43,2022-07-21 18:17:52,2022-07-21 18:17:53,7,
CS115905,2022-07-21 14:50:43,2022-07-21 14:50:50,2022-07-22 6:49:38,2022-07-22 7:22:49,465.14,
CS115901,2022-07-21 14:44:21,2022-07-21 14:44:26,2022-07-22 7:02:27,2022-07-22 7:37:53,991.72,
CS115898,2022-07-21 14:33:54,2022-07-21 14:33:57,2022-07-22 6:56:25,2022-07-22 7:13:38,105.6,
CS115895,2022-07-21 14:21:45,2022-07-21 14:21:50,2022-07-21 14:40:13,2022-07-21 15:01:49,"7,849.80",
CS115892,2022-07-21 14:13:22,2022-07-21 14:13:25,2022-07-22 6:49:45,2022-07-22 7:22:35,3.85,
CS115891,2022-07-21 14:12:55,2022-07-21 14:13:01,2022-07-22 6:20:49,2022-07-22 7:00:16,"1,439.02",
CS115889,2022-07-21 14:03:57,2022-07-21 14:04:00,2022-07-22 6:46:56,2022-07-22 7:22:19,350.88,
CS115885,2022-07-21 13:58:51,2022-07-21 13:58:56,2022-07-21 17:03:32,2022-07-21 17:23:13,260,2022-07-22 8:57:09
CS115884,2022-07-21 13:53:30,2022-07-21 18:55:08,2022-07-21 18:55:12,2022-07-21 18:55:14,58.5,
CS115883,2022-07-21 13:53:24,2022-07-21 13:53:32,2022-07-22 7:00:35,2022-07-22 7:58:59,"1,089.27",
CS115882,2022-07-21 13:52:54,2022-07-21 13:53:02,2022-07-21 17:19:53,2022-07-21 17:28:51,45,
CS115882,2022-07-21 13:52:54,2022-07-21 13:53:02,2022-07-21 17:19:53,2022-07-21 17:28:51,45,2022-07-22 10:35:14
CS115879,2022-07-21 13:47:02,2022-07-21 13:47:04,2022-07-21 19:52:07,2022-07-21 20:06:22,88.1,2022-07-22 8:46:40
CS115875,2022-07-21 13:42:13,2022-07-21 20:17:27,2022-07-21 20:17:30,2022-07-21 21:23:52,"3,060.44",
CS115874,2022-07-21 13:41:37,2022-07-21 13:41:46,2022-07-22 6:19:29,2022-07-22 6:48:08,"2,195.20",
CS115872,2022-07-21 13:39:34,2022-07-21 13:39:39,2022-07-21 17:45:18,2022-07-21 17:53:36,30,2022-07-22 8:45:58
CS115869,2022-07-21 13:34:07,2022-07-21 13:34:12,2022-07-21 21:03:45,2022-07-22 2:18:19,533.38,2022-07-22 10:03:05
CS115868,2022-07-21 13:28:55,2022-07-21 13:29:02,2022-07-21 21:04:46,2022-07-21 21:39:02,"1,013.20",
CS115867,2022-07-21 13:19:39,2022-07-21 13:19:49,2022-07-21 15:02:56,2022-07-21 15:33:15,158.7,2022-07-22 9:48:06
CS115866,2022-07-21 13:18:10,2022-07-21 18:17:45,2022-07-21 18:02:59,2022-07-21 18:19:17,726.04,2022-07-22 9:21:07
CS115863,2022-07-21 13:14:48,2022-07-21 13:14:52,2022-07-21 18:54:46,2022-07-21 19:27:02,"3,007.60",2022-07-22 8:46:21
CS115862,2022-07-21 13:12:06,2022-07-21 15:53:57,2022-07-21 17:11:58,2022-07-21 17:12:17,"4,320",
CS115859,2022-07-21 13:03:48,2022-07-21 16:15:08,2022-07-21 16:15:31,2022-07-21 16:15:32,43.4,
CS115858,2022-07-21 12:59:10,2022-07-21 12:59:20,2022-07-22 6:14:46,2022-07-22 6:15:11,836.1,
CS115858,2022-07-21 12:59:10,2022-07-21 12:59:20,2022-07-22 6:14:46,2022-07-22 6:15:11,836.1,
CS115854,2022-07-21 12:50:49,2022-07-21 12:50:52,2022-07-21 16:32:24,2022-07-21 17:17:38,"2,109.97",2022-07-22 10:24:40
CS115853,2022-07-21 12:49:12,2022-07-21 12:49:16,2022-07-21 15:42:12,2022-07-21 16:31:52,752.2,2022-07-22 9:44:30
CS115851,2022-07-21 12:44:57,2022-07-21 15:36:42,2022-07-21 15:36:51,2022-07-21 15:36:54,150,2022-07-22 10:07:44
CS115846,2022-07-21 12:13:46,2022-07-21 12:44:17,2022-07-21 12:44:30,2022-07-21 12:44:36,220,2022-07-22 8:07:31
CS115844,2022-07-21 12:11:44,2022-07-21 12:11:54,2022-07-21 13:55:50,2022-07-21 14:22:22,400.2,2022-07-22 9:03:42
CS115843,2022-07-21 12:10:14,2022-07-21 12:53:25,2022-07-21 12:53:32,2022-07-21 12:53:33,10.11,2022-07-22 9:44:59
CS115841,2022-07-21 12:04:34,2022-07-21 12:04:44,2022-07-21 14:09:50,2022-07-21 14:36:57,780,
CS115840,2022-07-21 12:03:10,2022-07-21 12:03:14,2022-07-21 13:41:18,2022-07-21 19:55:00,267,2022-07-22 9:22:43
CS115836,2022-07-21 12:01:06,2022-07-21 12:01:10,2022-07-21 17:30:12,2022-07-21 17:34:15,180,2022-07-22 8:37:56
CS115832,2022-07-21 11:51:27,2022-07-21 12:52:55,2022-07-21 12:52:59,2022-07-21 12:53:03,5,2022-07-22 9:38:41
CS115831,2022-07-21 11:51:24,2022-07-21 11:51:34,2022-07-22 6:16:51,2022-07-22 6:48:46,"2,746.61",
CS115830,2022-07-21 11:44:44,2022-07-21 11:44:51,2022-07-21 11:54:45,2022-07-21 12:36:20,"1,154.21",2022-07-21 17:00:57
CS115828,2022-07-21 11:40:41,2022-07-21 11:40:44,2022-07-21 14:29:37,2022-07-21 18:54:03,"1,600",
CS115828,2022-07-21 11:40:41,2022-07-21 11:40:44,2022-07-21 14:29:37,2022-07-21 18:54:03,"1,600",2022-07-22 10:35:52
CS115827,2022-07-21 11:37:39,2022-07-21 11:37:41,2022-07-21 11:54:37,2022-07-21 12:36:11,442.69,2022-07-21 16:20:17
CS115826,2022-07-21 11:36:46,2022-07-21 14:02:52,2022-07-21 14:02:56,2022-07-21 14:02:57,139.13,2022-07-21 18:19:01
CS115825,2022-07-21 11:36:43,2022-07-21 11:36:53,2022-07-21 11:42:28,2022-07-21 12:31:25,254.92,2022-07-21 18:18:43
CS115822,2022-07-21 11:23:59,2022-07-21 11:24:03,2022-07-21 14:08:35,2022-07-21 14:17:30,41.6,2022-07-22 8:33:06
CS115814,2022-07-21 11:16:22,2022-07-21 11:16:30,2022-07-21 13:41:50,2022-07-21 13:51:20,200,2022-07-22 10:30:05
CS115813,2022-07-21 11:15:58,2022-07-21 11:16:03,2022-07-21 11:35:56,2022-07-21 12:25:42,201.52,2022-07-21 16:40:08
CS115812,2022-07-21 11:09:04,2022-07-21 11:09:08,2022-07-21 18:24:48,2022-07-21 18:54:16,"3,306.14",2022-07-22 8:33:42
CS115811,2022-07-21 11:08:07,2022-07-21 11:08:11,2022-07-21 11:25:59,2022-07-21 11:34:45,69.2,2022-07-21 16:37:53
CS115810,2022-07-21 11:06:29,2022-07-21 11:06:31,2022-07-21 11:26:05,2022-07-21 11:34:27,17.3,2022-07-21 16:38:00
CS115809,2022-07-21 11:05:35,2022-07-21 11:05:37,2022-07-21 11:25:00,2022-07-21 11:52:44,179.24,2022-07-21 19:06:16
CS115808,2022-07-21 11:04:40,2022-07-21 11:04:43,2022-07-21 14:51:37,2022-07-21 15:02:27,88,2022-07-22 9:17:38
CS115805,2022-07-21 11:02:09,2022-07-21 11:14:06,2022-07-21 11:14:26,2022-07-21 11:14:30,"6,251.20",2022-07-21 11:23:52
CS115803,2022-07-21 11:02:00,2022-07-21 11:02:20,2022-07-21 11:10:33,2022-07-21 11:10:37,"21,077.25",2022-07-21 11:23:50
CS115799,2022-07-21 10:54:37,2022-07-21 10:54:43,2022-07-21 11:05:58,2022-07-21 12:30:24,"2,410.65",2022-07-21 18:04:53
CS115797,2022-07-21 10:49:41,2022-07-21 10:49:44,2022-07-21 13:50:27,2022-07-21 14:04:59,"2,256",
CS115795,2022-07-21 10:46:50,2022-07-21 10:46:59,2022-07-21 10:48:14,2022-07-21 14:04:49,651,
CS115794,2022-07-21 10:44:04,2022-07-21 10:44:08,2022-07-21 14:24:15,2022-07-21 14:37:11,174.42,
CS115791,2022-07-21 10:37:33,2022-07-21 13:55:03,2022-07-21 13:55:12,2022-07-21 13:55:18,264.7,2022-07-22 9:45:02
CS115790,2022-07-21 10:37:26,2022-07-21 10:37:38,2022-07-21 19:31:17,2022-07-21 21:02:56,"2,056.03",
CS115789,2022-07-21 10:37:00,2022-07-21 12:34:13,2022-07-21 12:34:23,2022-07-21 12:34:28,530,
CS115786,2022-07-21 10:35:37,2022-07-21 10:35:40,2022-07-21 14:47:04,2022-07-21 15:43:16,"1,220",2022-07-22 9:39:36
CS115785,2022-07-21 10:25:30,2022-07-21 10:25:36,2022-07-21 15:40:46,2022-07-21 15:53:32,924,2022-07-22 9:10:48
CS115780,2022-07-21 10:17:30,2022-07-21 10:17:35,2022-07-21 14:56:08,2022-07-21 15:53:15,153.66,2022-07-22 10:03:07
CS115779,2022-07-21 10:13:52,2022-07-21 16:41:25,2022-07-21 16:41:41,2022-07-21 16:41:49,266.65,2022-07-22 8:49:02
CS115777,2022-07-21 10:13:41,2022-07-21 10:14:05,2022-07-21 13:01:52,2022-07-21 14:16:40,"1,142.10",2022-07-22 8:49:15
CS115775,2022-07-21 9:57:33,2022-07-21 9:57:51,2022-07-21 12:37:20,2022-07-21 13:22:13,"2,724",2022-07-22 8:37:37
CS115774,2022-07-21 9:52:55,2022-07-21 9:53:03,2022-07-21 18:24:11,2022-07-21 18:35:22,437.97,
CS115769,2022-07-21 9:41:56,2022-07-21 9:42:08,2022-07-21 10:37:55,2022-07-21 10:46:39,689.48,2022-07-22 6:57:21
CS115768,2022-07-21 9:36:08,2022-07-21 11:23:24,2022-07-21 11:23:26,2022-07-21 11:23:28,55,
CS115767,2022-07-21 9:36:05,2022-07-21 9:36:10,2022-07-22 9:33:56,2022-07-22 10:01:30,563.4,
CS115766,2022-07-21 9:32:39,2022-07-21 9:32:43,2022-07-21 14:49:36,2022-07-21 14:49:51,987.28,2022-07-22 9:03:44
CS115761,2022-07-21 9:25:40,2022-07-21 9:25:45,2022-07-21 10:22:39,2022-07-21 10:33:09,108,2022-07-22 7:52:09
CS115759,2022-07-21 9:21:04,2022-07-21 9:21:08,2022-07-21 10:30:21,2022-07-21 11:25:22,"1,070.40",2022-07-22 8:24:19
CS115756,2022-07-21 9:11:02,2022-07-21 9:11:04,2022-07-21 9:27:44,2022-07-21 9:35:30,1.7,2022-07-21 17:33:46
CS115754,2022-07-21 9:05:17,2022-07-21 9:05:22,2022-07-21 14:31:12,2022-07-21 14:46:40,891.26,2022-07-22 9:54:51
CS115753,2022-07-21 9:02:15,2022-07-21 9:02:18,2022-07-22 6:14:37,2022-07-22 7:01:27,"2,319",
CS115748,2022-07-21 8:52:53,2022-07-21 8:53:02,2022-07-21 10:04:55,2022-07-21 10:18:18,556,2022-07-21 15:44:24
CS115743,2022-07-21 8:39:28,2022-07-21 8:39:31,2022-07-21 9:36:04,2022-07-21 10:25:53,585.2,2022-07-21 17:43:16
CS115741,2022-07-21 8:29:53,2022-07-21 8:29:57,2022-07-21 12:33:08,2022-07-21 13:32:11,989.48,2022-07-22 7:53:33
CS115733,2022-07-21 8:16:49,2022-07-21 8:16:58,2022-07-21 10:19:01,2022-07-21 10:36:35,416,2022-07-21 15:55:26
CS115730,2022-07-21 8:07:41,2022-07-21 8:07:50,2022-07-21 8:08:27,2022-07-21 9:07:26,26.67,2022-07-21 13:46:50
CS115725,2022-07-21 8:01:39,2022-07-21 8:01:42,2022-07-21 9:39:40,2022-07-21 10:42:12,445,2022-07-21 17:25:26
CS115724,2022-07-21 7:53:55,2022-07-21 7:53:59,2022-07-21 9:27:54,2022-07-21 10:11:22,263.56,2022-07-21 16:37:04
CS115723,2022-07-21 7:53:33,2022-07-21 7:53:38,2022-07-21 9:00:31,2022-07-21 13:20:56,289.1,2022-07-21 15:52:30
CS115722,2022-07-21 7:49:32,2022-07-21 7:49:36,2022-07-21 7:54:49,2022-07-21 8:32:56,"1,152",2022-07-21 15:17:16
CS115721,2022-07-21 7:48:07,2022-07-21 7:49:35,2022-07-21 7:54:41,2022-07-21 8:32:42,"3,456",2022-07-21 16:03:20
CS115719,2022-07-21 7:44:14,2022-07-21 7:44:19,2022-07-21 9:28:05,2022-07-21 9:58:08,198,2022-07-21 15:01:13
CS115718,2022-07-21 7:43:39,2022-07-21 7:43:43,2022-07-21 8:16:26,2022-07-21 8:16:29,11.87,2022-07-21 15:30:24
CS115717,2022-07-21 7:38:26,2022-07-21 7:38:30,2022-07-21 9:05:23,2022-07-21 9:18:30,"1,391.20",2022-07-21 13:40:56
CS115716,2022-07-21 7:37:34,2022-07-21 10:30:55,2022-07-21 10:31:01,2022-07-21 10:31:03,"1,247.75",2022-07-21 17:25:00
CS115715,2022-07-21 7:37:29,2022-07-21 7:37:36,2022-07-21 8:01:42,2022-07-21 10:31:18,108.5,2022-07-21 17:24:58
CS115712,2022-07-21 7:25:48,2022-07-21 7:53:15,2022-07-21 9:20:39,2022-07-21 10:42:47,440,2022-07-21 15:26:10
CS115711,2022-07-21 7:25:45,2022-07-21 7:25:50,2022-07-21 8:49:14,2022-07-21 8:54:40,"2,640",2022-07-21 15:57:22
CS115710,2022-07-21 7:14:42,2022-07-21 7:26:48,2022-07-21 7:26:58,2022-07-21 8:27:16,20.15,2022-07-21 10:32:08
CS115708,2022-07-21 6:37:40,2022-07-21 7:49:38,2022-07-21 7:50:30,2022-07-21 7:50:31,0.98,2022-07-21 13:05:24
CS115707,2022-07-21 6:37:36,2022-07-21 6:37:41,2022-07-21 9:19:46,2022-07-21 9:57:27,72.28,2022-07-21 16:27:23
CS115706,2022-07-21 6:12:25,2022-07-21 6:12:37,2022-07-21 9:19:37,2022-07-21 9:57:50,691.5,2022-07-21 14:43:01
CS115705,2022-07-21 6:05:28,2022-07-21 7:37:02,2022-07-21 7:37:04,2022-07-21 7:37:07,5,2022-07-21 9:04:26
CS115704,2022-07-21 6:05:25,2022-07-21 6:05:30,2022-07-21 8:21:24,2022-07-21 8:31:57,10.37,2022-07-21 18:59:57
CS115701,2022-07-20 23:02:36,2022-07-21 7:22:46,2022-07-21 7:22:49,2022-07-21 7:22:51,110,2022-07-21 14:04:36
CS115699,2022-07-20 23:02:32,2022-07-20 23:02:37,2022-07-21 8:35:34,2022-07-21 8:44:46,143,2022-07-21 15:59:15
CS115698,2022-07-20 22:22:21,2022-07-20 22:22:28,2022-07-21 8:35:40,2022-07-21 8:53:50,88.95,2022-07-21 17:33:19
CS115697,2022-07-20 22:08:25,2022-07-20 22:08:33,2022-07-21 8:29:40,2022-07-21 11:38:20,"2,019.40",2022-07-21 15:41:23
CS115696,2022-07-20 21:56:26,2022-07-20 21:56:32,2022-07-21 6:52:41,2022-07-21 7:21:11,156.8,2022-07-21 19:50:42
CS115695,2022-07-20 21:50:00,2022-07-20 21:50:04,2022-07-21 16:08:19,2022-07-21 17:22:39,"1,586.40",2022-07-22 7:51:31
CS115691,2022-07-20 21:19:34,2022-07-20 21:19:37,2022-07-21 8:28:53,2022-07-21 10:15:44,356,2022-07-21 16:18:13
CS115690,2022-07-20 21:13:35,2022-07-20 21:13:43,2022-07-21 6:52:34,2022-07-21 7:21:06,"1,956",2022-07-21 19:50:07
CS115688,2022-07-20 19:54:00,2022-07-20 19:54:04,2022-07-21 8:33:40,2022-07-21 8:44:39,424,2022-07-21 15:32:20
CS115687,2022-07-20 19:47:35,2022-07-20 19:47:40,2022-07-21 8:45:47,2022-07-21 9:26:37,90,2022-07-21 14:28:00
CS115686,2022-07-20 19:39:57,2022-07-20 19:40:03,2022-07-21 8:21:31,2022-07-21 8:32:03,32.8,2022-07-21 19:00:51
CS115683,2022-07-20 18:45:27,2022-07-20 18:45:31,2022-07-21 7:31:19,2022-07-21 7:43:51,44.25,2022-07-21 13:09:40
CS115682,2022-07-20 18:44:14,2022-07-20 18:44:19,2022-07-21 7:24:14,2022-07-21 7:24:16,153,2022-07-21 14:17:50
CS115679,2022-07-20 18:42:10,2022-07-20 19:07:16,2022-07-20 19:07:41,2022-07-20 19:07:42,15,2022-07-21 14:17:52
CS115678,2022-07-20 18:39:43,2022-07-20 20:09:14,2022-07-20 20:09:15,2022-07-20 20:09:16,110,2022-07-21 14:35:58
CS115676,2022-07-20 18:39:39,2022-07-20 18:39:45,2022-07-21 8:15:21,2022-07-21 8:34:54,164.9,2022-07-21 12:14:46
CS115675,2022-07-20 18:13:39,2022-07-20 18:13:43,2022-07-21 7:42:02,2022-07-21 8:04:07,462.78,2022-07-21 15:29:49
CS115674,2022-07-20 18:11:41,2022-07-20 18:11:51,2022-07-21 8:15:27,2022-07-21 8:22:46,105,2022-07-21 13:05:15
CS115673,2022-07-20 18:03:56,2022-07-21 7:48:08,2022-07-21 7:54:56,2022-07-21 8:32:27,"1,728",2022-07-21 15:17:22
CS115672,2022-07-20 17:54:15,2022-07-20 20:07:28,2022-07-20 20:07:42,2022-07-20 20:07:44,80.75,2022-07-21 13:38:23
CS115670,2022-07-20 17:35:47,2022-07-20 17:35:51,2022-07-21 8:09:55,2022-07-21 9:18:55,"2,418.30",2022-07-21 12:28:28
CS115669,2022-07-20 17:31:01,2022-07-21 7:36:13,2022-07-21 7:36:17,2022-07-21 7:36:18,346.71,2022-07-21 14:09:15
CS115667,2022-07-20 17:30:56,2022-07-20 17:31:03,2022-07-21 7:21:55,2022-07-21 8:28:00,"2,098.62",2022-07-21 15:17:19
CS115665,2022-07-20 17:25:40,2022-07-20 21:37:55,2022-07-20 21:37:56,2022-07-20 21:37:58,"1,100",2022-07-21 9:45:25
CS115663,2022-07-20 17:15:38,2022-07-20 17:15:40,2022-07-21 8:28:42,2022-07-21 8:54:27,356,2022-07-21 14:21:22
CS115660,2022-07-20 17:07:39,2022-07-20 17:07:42,2022-07-21 7:45:27,2022-07-21 8:27:42,897.2,2022-07-21 14:39:56
CS115659,2022-07-20 17:06:34,2022-07-20 17:06:36,2022-07-21 7:17:37,2022-07-21 7:17:40,296.8,2022-07-21 11:41:20
CS115658,2022-07-20 17:05:42,2022-07-20 17:05:45,2022-07-21 7:42:39,2022-07-21 8:04:28,368.64,2022-07-21 12:56:18
CS115657,2022-07-20 17:01:32,2022-07-20 17:01:39,2022-07-21 7:01:30,2022-07-21 7:29:07,333.6,2022-07-21 14:00:22
CS115655,2022-07-20 16:59:00,2022-07-20 21:35:25,2022-07-20 21:35:27,2022-07-20 21:35:28,12.24,2022-07-21 17:33:38
CS115654,2022-07-20 16:58:34,2022-07-20 16:59:04,2022-07-21 5:40:59,2022-07-21 7:43:20,"3,204.81",2022-07-21 17:33:43
CS115653,2022-07-20 16:42:16,2022-07-20 21:35:50,2022-07-20 21:35:55,2022-07-20 21:35:57,79.5,2022-07-21 11:35:12
CS115651,2022-07-20 16:42:07,2022-07-20 16:42:18,2022-07-21 6:53:37,2022-07-21 7:10:45,16,2022-07-21 11:35:04
CS115649,2022-07-20 16:35:59,2022-07-20 16:36:03,2022-07-21 7:29:57,2022-07-21 7:35:35,62.6,2022-07-21 19:50:46
CS115648,2022-07-20 16:30:51,2022-07-20 16:30:59,2022-07-21 7:18:07,2022-07-21 7:41:26,166.4,2022-07-21 10:31:48
CS115646,2022-07-20 16:27:47,2022-07-20 16:28:02,2022-07-21 5:43:35,2022-07-21 7:11:11,"1,083.80",2022-07-21 12:52:29
CS115645,2022-07-20 16:26:51,2022-07-20 16:26:56,2022-07-20 18:33:30,2022-07-20 18:33:31,"10,240",2022-07-21 15:31:00
CS115640,2022-07-20 16:19:35,2022-07-20 20:06:17,2022-07-20 20:06:22,2022-07-20 20:06:23,2.32,2022-07-21 12:21:58
CS115639,2022-07-20 16:19:12,2022-07-20 16:19:17,2022-07-21 5:44:15,2022-07-21 6:51:57,528.58,2022-07-21 10:11:30
CS115637,2022-07-20 16:08:32,2022-07-20 16:08:36,2022-07-21 17:42:58,2022-07-21 17:43:15,906.72,2022-07-22 9:10:43
CS115636,2022-07-20 16:07:07,2022-07-20 16:07:15,2022-07-20 16:09:59,2022-07-20 18:44:06,217,2022-07-21 8:48:12
CS115635,2022-07-20 16:05:03,2022-07-20 16:05:06,,2022-07-21 5:41:46,"1,889.25",2022-07-21 13:47:55
CS115634,2022-07-20 16:03:59,2022-07-20 16:04:03,2022-07-21 5:41:24,2022-07-21 7:11:35,"2,640",2022-07-21 11:04:40
CS115630,2022-07-20 15:59:54,2022-07-20 21:32:35,2022-07-20 21:32:37,2022-07-20 21:32:38,8.82,2022-07-21 12:12:02
CS115629,2022-07-20 15:59:38,2022-07-20 15:59:56,2022-07-21 6:29:21,2022-07-21 6:49:29,1.72,2022-07-21 12:12:04
CS115628,2022-07-20 15:59:04,2022-07-20 15:59:17,2022-07-21 6:49:46,2022-07-21 7:01:13,14.45,2022-07-21 11:46:38
CS115627,2022-07-20 15:57:24,2022-07-20 15:57:35,2022-07-21 6:29:14,2022-07-21 6:49:23,9.54,2022-07-21 12:52:00
CS115626,2022-07-20 15:55:51,2022-07-21 5:54:15,2022-07-21 5:54:27,2022-07-21 5:54:29,0,
CS115625,2022-07-20 15:55:25,2022-07-20 15:55:32,2022-07-20 21:18:06,2022-07-21 6:05:32,"1,251.44",2022-07-21 11:12:28
CS115623,2022-07-20 15:53:38,2022-07-20 15:53:41,2022-07-20 18:43:54,2022-07-20 19:38:38,"3,549.80",2022-07-21 13:51:18
CS115621,2022-07-20 15:52:22,2022-07-20 15:52:32,2022-07-21 1:30:27,2022-07-21 1:30:28,"3,665.78",2022-07-21 13:05:12
CS115620,2022-07-20 15:49:30,2022-07-20 15:49:37,2022-07-21 0:41:10,2022-07-21 0:41:12,72,2022-07-21 10:27:08
CS115619,2022-07-20 15:47:26,2022-07-20 15:47:28,2022-07-21 0:47:25,2022-07-21 0:47:26,190.4,2022-07-21 12:23:02
CS115618,2022-07-20 15:45:54,2022-07-20 15:46:01,2022-07-21 1:31:35,2022-07-21 1:31:37,"1,476.78",2022-07-21 13:24:04
CS115617,2022-07-20 15:45:08,2022-07-20 15:45:13,2022-07-21 1:32:37,2022-07-21 1:32:38,"1,157.06",2022-07-21 11:15:57
CS115615,2022-07-20 15:44:21,2022-07-20 15:44:37,2022-07-20 21:05:00,2022-07-20 21:15:52,21.24,2022-07-21 11:32:36
CS115613,2022-07-20 15:36:44,2022-07-20 15:36:48,2022-07-21 7:10:16,2022-07-21 7:29:33,123.64,2022-07-21 13:34:26
CS115609,2022-07-20 15:29:00,2022-07-20 15:34:51,2022-07-21 1:30:50,2022-07-21 1:30:54,"1,738.60",2022-07-21 15:21:09
CS115606,2022-07-20 15:18:53,2022-07-20 15:19:48,2022-07-21 1:33:15,2022-07-21 1:33:16,"1,148.60",2022-07-21 13:13:47
CS115605,2022-07-20 15:10:14,2022-07-20 18:49:00,2022-07-20 18:49:11,2022-07-20 18:49:15,93.2,2022-07-21 11:35:10
CS115598,2022-07-20 14:57:53,2022-07-20 14:57:56,2022-07-21 1:34:38,2022-07-21 1:34:40,0.4,2022-07-21 12:22:00
CS115594,2022-07-20 14:53:15,2022-07-20 14:53:26,2022-07-21 1:33:53,2022-07-21 1:33:54,339.68,
CS115593,2022-07-20 14:51:20,2022-07-20 14:51:25,2022-07-20 18:37:29,2022-07-20 18:58:04,"3,767.40",2022-07-21 13:07:48
CS115590,2022-07-20 14:45:30,2022-07-20 14:45:43,2022-07-22 6:48:30,2022-07-22 6:59:27,460.48,
CS115584,2022-07-20 14:40:21,2022-07-20 14:44:48,2022-07-20 22:21:39,2022-07-20 22:21:40,667.4,2022-07-21 9:39:37
CS115579,2022-07-20 14:37:36,2022-07-20 14:37:40,2022-07-20 17:30:16,2022-07-20 17:30:17,320,2022-07-21 14:17:07
CS115578,2022-07-20 14:36:15,2022-07-20 14:36:18,2022-07-20 20:11:15,2022-07-20 21:17:37,644.58,2022-07-21 8:29:21
CS115575,2022-07-20 14:34:46,2022-07-21 7:51:40,2022-07-21 7:51:45,2022-07-21 7:51:46,31.84,2022-07-22 9:17:17
CS115573,2022-07-20 14:34:28,2022-07-21 22:13:57,2022-07-22 2:20:34,2022-07-22 2:21:40,"1,981.39",2022-07-22 9:18:49
CS115568,2022-07-20 14:31:48,2022-07-20 14:33:55,2022-07-20 22:22:10,2022-07-20 22:22:13,540.55,2022-07-21 11:40:42
CS115567,2022-07-20 14:30:49,2022-07-21 7:25:50,2022-07-21 7:31:32,2022-07-21 7:31:36,912.5,2022-07-21 13:48:15
CS115566,2022-07-20 14:26:29,2022-07-20 14:33:55,2022-07-20 22:18:49,2022-07-20 22:18:52,"3,018",2022-07-21 11:21:26
CS115563,2022-07-20 14:21:35,2022-07-20 14:21:40,2022-07-20 22:17:07,2022-07-20 22:18:15,"3,286.32",2022-07-21 11:56:44
CS115560,2022-07-20 14:13:09,2022-07-20 14:20:46,2022-07-20 22:29:38,2022-07-20 22:29:42,3.9,2022-07-21 12:22:08
CS115558,2022-07-20 14:10:41,2022-07-20 14:10:45,2022-07-20 22:24:33,2022-07-20 22:24:36,144.8,2022-07-21 10:26:08
CS115555,2022-07-20 14:08:22,2022-07-21 7:24:00,2022-07-21 7:24:01,2022-07-21 7:24:03,100,
CS115553,2022-07-20 14:08:10,2022-07-21 10:49:43,2022-07-21 13:52:36,2022-07-21 14:21:57,"1,526.40",
CS115552,2022-07-20 14:06:12,2022-07-20 14:06:15,2022-07-20 14:30:32,2022-07-20 15:09:22,"2,541.60",2022-07-21 8:48:16
CS115549,2022-07-20 14:00:57,2022-07-20 14:06:30,2022-07-20 19:59:14,2022-07-20 20:14:34,155.4,2022-07-21 11:29:06
CS115545,2022-07-20 13:44:21,2022-07-20 14:51:41,2022-07-20 14:51:43,2022-07-20 14:51:45,55,2022-07-21 12:44:23
CS115544,2022-07-20 13:44:11,2022-07-20 13:44:22,2022-07-20 22:19:59,2022-07-20 22:20:01,"1,314.73",2022-07-21 14:17:32
CS115538,2022-07-20 13:32:00,2022-07-20 13:32:02,2022-07-20 22:23:53,2022-07-20 22:23:55,301.44,2022-07-21 10:36:03
CS115537,2022-07-20 13:30:48,2022-07-20 13:30:59,2022-07-20 22:28:22,2022-07-20 22:28:25,88.2,2022-07-21 11:05:42
CS115536,2022-07-20 13:28:46,2022-07-20 13:28:55,2022-07-21 7:42:47,2022-07-21 8:04:55,201.6,2022-07-21 14:38:01
CS115533,2022-07-20 13:14:36,2022-07-20 13:19:40,2022-07-20 20:41:58,2022-07-20 21:40:58,40,2022-07-21 11:30:31
CS115528,2022-07-20 13:10:07,2022-07-20 13:15:47,2022-07-20 17:23:22,2022-07-20 17:28:57,990,2022-07-21 9:33:34
CS115527,2022-07-20 13:06:08,2022-07-20 13:06:11,2022-07-20 21:54:08,2022-07-20 21:54:21,686,2022-07-21 9:34:45
CS115526,2022-07-20 13:05:14,2022-07-20 13:05:17,2022-07-20 21:32:09,2022-07-20 21:53:51,646.04,2022-07-21 10:18:18
CS115524,2022-07-20 13:03:03,2022-07-20 13:03:39,2022-07-20 21:33:19,2022-07-21 0:53:42,365,2022-07-21 10:39:45
CS115523,2022-07-20 12:54:22,2022-07-20 17:06:38,2022-07-20 17:06:39,2022-07-20 17:06:40,0,
CS115521,2022-07-20 12:50:27,2022-07-20 17:07:13,2022-07-20 17:07:45,2022-07-20 17:07:46,0.27,2022-07-21 8:36:56
CS115520,2022-07-20 12:49:28,2022-07-20 12:49:38,2022-07-20 22:14:40,2022-07-20 22:14:43,184.21,2022-07-21 11:06:20
CS115517,2022-07-20 12:33:09,2022-07-20 13:36:13,2022-07-20 13:36:19,2022-07-20 13:36:20,0.7,2022-07-21 8:36:54
CS115516,2022-07-20 12:31:24,2022-07-20 12:38:48,2022-07-20 21:18:35,2022-07-20 21:26:32,"1,560",2022-07-21 9:57:30
CS115515,2022-07-20 12:28:20,2022-07-20 17:04:40,2022-07-20 17:04:53,2022-07-20 17:04:58,9.61,2022-07-21 9:05:01
CS115507,2022-07-20 12:19:08,2022-07-20 12:19:21,2022-07-20 20:21:50,2022-07-20 20:44:17,723.28,2022-07-21 9:39:57
CS115503,2022-07-20 12:13:52,2022-07-20 12:14:47,2022-07-20 15:10:25,2022-07-20 15:25:37,"1,085.70",2022-07-21 10:21:21
CS115502,2022-07-20 12:13:30,2022-07-20 12:14:32,2022-07-20 20:54:38,2022-07-20 21:32:36,658.28,2022-07-21 8:46:14
CS115496,2022-07-20 12:08:36,2022-07-20 12:13:25,2022-07-20 19:27:15,2022-07-20 19:39:58,659.2,2022-07-21 10:47:31
CS115495,2022-07-20 12:08:14,2022-07-20 13:35:40,2022-07-20 13:35:49,2022-07-20 13:35:51,5,2022-07-21 11:04:16
CS115493,2022-07-20 11:58:17,2022-07-20 13:35:08,2022-07-20 13:35:15,2022-07-20 13:35:19,3,2022-07-21 8:39:05
CS115492,2022-07-20 11:58:13,2022-07-20 11:59:20,2022-07-20 18:56:43,2022-07-20 19:20:26,"2,284.60",2022-07-21 8:39:04
CS115491,2022-07-20 11:57:38,2022-07-21 19:31:48,2022-07-21 18:35:47,2022-07-21 19:33:09,"2,435.60",
CS115490,2022-07-20 11:56:35,2022-07-20 11:56:38,2022-07-20 11:58:02,2022-07-20 12:24:13,46.08,2022-07-20 14:46:23
CS115489,2022-07-20 11:55:18,2022-07-20 11:56:18,2022-07-20 20:40:39,2022-07-20 20:49:10,168,2022-07-21 10:19:43
CS115482,2022-07-20 11:39:00,2022-07-20 13:02:04,2022-07-20 13:02:08,2022-07-20 13:02:12,2.19,2022-07-21 9:47:09
CS115481,2022-07-20 11:38:56,2022-07-20 11:39:02,2022-07-20 19:40:28,2022-07-20 20:21:26,645.34,2022-07-21 9:58:26
CS115480,2022-07-20 11:37:22,2022-07-20 11:37:25,2022-07-20 20:08:20,2022-07-20 20:28:09,54.24,2022-07-21 7:40:34
CS115479,2022-07-20 11:32:55,2022-07-20 13:01:02,2022-07-20 13:01:08,2022-07-20 13:01:09,16.15,2022-07-21 8:52:41
CS115475,2022-07-20 11:22:07,2022-07-20 13:11:04,2022-07-20 13:11:13,2022-07-20 13:11:18,10,2022-07-21 8:50:47
CS115474,2022-07-20 11:19:29,2022-07-20 11:26:36,2022-07-20 16:22:31,2022-07-20 16:48:42,456.08,2022-07-21 7:08:31
CS115473,2022-07-20 11:15:34,2022-07-20 11:47:46,2022-07-20 11:47:50,2022-07-20 11:47:51,5.85,2022-07-21 13:30:24
CS115472,2022-07-20 11:15:28,2022-07-20 11:17:17,2022-07-20 14:02:49,2022-07-20 15:39:20,"8,035.18",2022-07-21 13:30:21
CS115471,2022-07-20 11:14:56,2022-07-20 11:17:17,2022-07-20 16:26:57,2022-07-20 21:40:45,62.2,2022-07-21 7:40:37
CS115470,2022-07-20 11:14:05,2022-07-20 11:14:34,2022-07-20 15:37:23,2022-07-20 16:39:45,556,2022-07-21 7:17:04
CS115469,2022-07-20 11:13:01,2022-07-20 11:13:26,2022-07-20 15:43:12,2022-07-20 15:59:07,19.2,2022-07-21 7:56:42
CS115468,2022-07-20 11:12:17,2022-07-20 11:13:26,2022-07-20 17:14:18,2022-07-20 18:28:45,0,
CS115467,2022-07-20 11:10:42,2022-07-20 11:11:06,2022-07-20 22:15:21,2022-07-20 22:15:22,140,2022-07-21 11:59:44
CS115463,2022-07-20 10:59:29,2022-07-20 11:02:48,2022-07-20 17:43:24,2022-07-20 17:46:13,181.35,2022-07-21 10:05:51
CS115462,2022-07-20 10:58:51,2022-07-20 14:00:53,2022-07-20 14:01:00,2022-07-20 14:01:03,133.35,2022-07-21 10:00:59
CS115460,2022-07-20 10:58:47,2022-07-20 10:58:50,2022-07-20 11:19:20,2022-07-20 11:45:26,"3,960",2022-07-20 18:19:58
CS115461,2022-07-20 10:58:42,2022-07-20 11:02:48,2022-07-20 17:29:30,2022-07-20 17:43:10,128,2022-07-21 10:00:57
CS115459,2022-07-20 10:58:11,2022-07-20 10:58:22,2022-07-20 18:58:16,2022-07-20 21:23:23,"1,361.89",2022-07-21 11:45:35
CS115455,2022-07-20 10:48:44,2022-07-20 10:48:51,2022-07-20 15:59:43,2022-07-20 16:09:30,123,2022-07-21 9:33:51
CS115454,2022-07-20 10:48:23,2022-07-20 10:48:50,2022-07-20 18:34:16,2022-07-20 18:43:17,444.8,2022-07-21 9:49:40
CS115452,2022-07-20 10:45:56,2022-07-20 10:46:49,2022-07-20 16:40:26,2022-07-20 17:31:44,"1,392.33",2022-07-21 9:12:53
CS115449,2022-07-20 10:39:21,2022-07-20 10:47:31,2022-07-20 16:00:56,2022-07-20 16:11:21,75.6,2022-07-21 7:56:46
CS115448,2022-07-20 10:39:00,2022-07-20 14:00:23,2022-07-20 14:00:27,2022-07-20 14:00:29,55.06,2022-07-21 8:36:32
CS115447,2022-07-20 10:38:57,2022-07-20 10:47:32,2022-07-20 15:27:28,2022-07-20 15:58:41,"1,340.55",2022-07-21 8:36:52
CS115442,2022-07-20 10:33:09,2022-07-20 11:03:25,2022-07-20 11:03:27,2022-07-20 11:03:28,0,
CS115441,2022-07-20 10:32:33,2022-07-20 10:33:05,2022-07-21 14:37:34,2022-07-21 14:54:54,"1,102.40",2022-07-22 10:39:06
CS115441,2022-07-20 10:32:33,2022-07-20 10:33:05,2022-07-21 14:37:34,2022-07-21 14:54:54,"1,102.40",
CS115440,2022-07-20 10:30:37,2022-07-20 10:33:05,2022-07-20 20:44:41,2022-07-20 21:16:16,535.25,2022-07-21 9:53:09
CS115439,2022-07-20 10:28:59,2022-07-20 10:33:05,2022-07-20 16:12:00,2022-07-20 16:26:10,106,2022-07-21 10:29:55
CS115437,2022-07-20 10:27:49,2022-07-20 10:33:05,2022-07-20 17:30:58,2022-07-20 17:38:09,79.92,2022-07-21 9:09:03
CS115432,2022-07-20 10:20:54,2022-07-20 10:21:00,2022-07-20 19:39:10,2022-07-20 19:58:41,597.1,2022-07-21 11:12:08
CS115431,2022-07-20 10:20:16,2022-07-20 12:05:37,2022-07-20 12:05:40,2022-07-20 12:05:41,200,2022-07-20 13:37:34
CS115430,2022-07-20 10:20:15,2022-07-20 10:20:19,2022-07-20 13:42:29,2022-07-20 13:56:21,264,2022-07-20 15:18:39
CS115427,2022-07-20 10:08:54,2022-07-20 10:08:58,2022-07-20 14:01:13,2022-07-20 14:30:08,"3,057",2022-07-20 17:14:07
CS115423,2022-07-20 9:59:38,2022-07-20 9:59:42,2022-07-21 10:39:47,2022-07-21 10:58:21,473.1,2022-07-22 9:51:28
CS115418,2022-07-20 9:55:17,2022-07-20 11:29:11,2022-07-20 11:29:19,2022-07-20 11:29:21,0,
CS115417,2022-07-20 9:50:27,2022-07-20 9:54:15,2022-07-20 12:57:42,2022-07-20 13:25:02,108.49,2022-07-20 17:10:37
CS115415,2022-07-20 9:49:27,2022-07-20 9:54:16,2022-07-20 13:39:35,2022-07-20 14:02:43,"1,228.22",2022-07-20 16:28:37
CS115413,2022-07-20 9:44:54,2022-07-20 9:54:54,2022-07-20 14:58:42,2022-07-20 15:09:47,330,2022-07-21 8:21:27
CS115411,2022-07-20 9:41:38,2022-07-20 9:41:40,2022-07-20 9:43:17,2022-07-20 11:11:02,110,2022-07-20 19:08:41
CS115408,2022-07-20 9:37:17,2022-07-20 9:37:27,2022-07-20 15:39:50,2022-07-20 21:40:36,346.5,2022-07-21 10:46:27
CS115407,2022-07-20 9:36:52,2022-07-20 9:36:54,2022-07-20 13:53:52,2022-07-20 14:30:21,876.66,2022-07-20 18:20:50
CS115403,2022-07-20 9:28:52,2022-07-20 9:30:12,2022-07-20 13:58:18,2022-07-20 15:05:52,"1,390.52",2022-07-20 17:31:20
CS115402,2022-07-20 9:28:22,2022-07-21 8:25:47,2022-07-21 8:25:52,2022-07-21 8:25:55,112,2022-07-22 8:35:26
CS115401,2022-07-20 9:27:57,2022-07-21 18:33:57,2022-07-21 18:38:17,2022-07-21 18:38:19,184.85,2022-07-22 8:35:30
CS115398,2022-07-20 9:22:41,2022-07-20 9:22:47,2022-07-20 17:46:30,2022-07-20 18:04:53,247.77,2022-07-21 11:01:35
CS115397,2022-07-20 9:22:17,2022-07-20 10:27:18,2022-07-20 10:27:29,2022-07-20 10:27:30,1.25,2022-07-20 19:51:46
CS115392,2022-07-20 9:15:46,2022-07-20 9:16:47,2022-07-20 12:51:22,2022-07-20 12:54:18,52.35,2022-07-20 17:14:25
CS115391,2022-07-20 9:09:43,2022-07-20 9:20:02,2022-07-20 16:42:07,2022-07-20 18:53:54,"3,241.56",2022-07-21 11:31:44
CS115390,2022-07-20 9:09:21,2022-07-20 9:10:33,2022-07-20 13:00:40,2022-07-20 13:54:08,"2,446.40",2022-07-20 17:31:09
CS115383,2022-07-20 8:45:34,2022-07-20 8:45:41,2022-07-20 11:34:58,2022-07-20 12:42:45,"2,712",2022-07-20 16:24:07
CS115382,2022-07-20 8:44:30,2022-07-20 10:55:40,2022-07-20 10:55:43,2022-07-20 10:55:45,15,2022-07-21 7:31:22
CS115380,2022-07-20 8:44:21,2022-07-20 8:44:38,2022-07-20 15:26:35,2022-07-20 15:32:06,"2,107.73",2022-07-21 7:31:03
CS115379,2022-07-20 8:44:01,2022-07-20 8:44:24,2022-07-20 12:48:43,2022-07-20 12:55:53,103.8,2022-07-20 17:02:23
CS115376,2022-07-20 8:41:06,2022-07-20 8:50:51,2022-07-20 12:46:50,2022-07-20 12:58:58,133.78,2022-07-20 17:10:57
CS115369,2022-07-20 8:28:41,2022-07-20 8:29:54,2022-07-20 12:32:38,2022-07-20 12:40:13,151.2,2022-07-20 17:23:03
CS115368,2022-07-20 8:27:54,2022-07-20 9:41:39,2022-07-20 9:42:56,2022-07-20 9:43:00,200,2022-07-20 15:34:57
CS115367,2022-07-20 8:27:28,2022-07-20 9:22:30,2022-07-20 9:22:41,2022-07-20 9:22:45,4.25,2022-07-20 9:53:39
CS115366,2022-07-20 8:26:29,2022-07-20 8:29:54,2022-07-20 11:33:47,2022-07-20 11:36:59,78,2022-07-20 13:49:21
CS115363,2022-07-20 8:14:54,2022-07-20 8:16:45,2022-07-20 11:48:26,2022-07-20 12:13:20,734.91,2022-07-20 15:01:35
CS115351,2022-07-20 7:57:30,2022-07-20 7:58:01,2022-07-20 13:19:43,2022-07-20 13:55:13,"1,760.47",2022-07-20 16:24:10
CS115349,2022-07-20 7:48:57,2022-07-20 7:49:00,2022-07-20 8:28:16,2022-07-20 9:31:14,"2,306.20",2022-07-20 15:04:37
CS115347,2022-07-20 7:42:24,2022-07-20 7:42:42,2022-07-20 12:30:11,2022-07-20 12:32:11,277,2022-07-20 15:07:53
CS115346,2022-07-20 7:27:22,2022-07-20 10:58:49,2022-07-20 11:21:13,2022-07-20 11:47:58,847,2022-07-20 16:16:18
CS115345,2022-07-20 7:25:12,2022-07-20 7:33:11,2022-07-20 11:19:30,2022-07-20 11:45:34,"2,310",2022-07-20 16:02:36
CS115344,2022-07-20 7:21:00,2022-07-20 7:33:11,2022-07-20 12:40:31,2022-07-20 12:47:53,53.4,2022-07-20 18:10:45
CS115343,2022-07-20 7:20:40,2022-07-20 9:34:07,2022-07-20 9:34:12,2022-07-20 9:34:15,25,2022-07-20 15:10:00
CS115342,2022-07-20 7:20:17,2022-07-20 7:33:11,2022-07-20 12:13:43,2022-07-20 12:24:59,356,2022-07-20 14:03:27
CS115340,2022-07-20 7:14:58,2022-07-20 7:56:33,2022-07-20 7:57:35,2022-07-20 7:57:41,140.4,2022-07-20 8:45:04
CS115337,2022-07-20 6:38:58,2022-07-20 6:40:39,2022-07-20 10:30:51,2022-07-20 10:50:36,120.9,2022-07-20 15:23:41
CS115336,2022-07-20 6:33:59,2022-07-20 7:37:54,2022-07-20 7:37:57,2022-07-20 7:37:58,139.8,
CS115335,2022-07-20 6:33:56,2022-07-20 6:40:37,2022-07-20 10:52:00,2022-07-20 11:10:06,103.8,2022-07-20 15:54:14
CS115334,2022-07-20 6:06:01,2022-07-20 8:41:31,2022-07-20 8:42:27,2022-07-20 8:42:29,10,2022-07-20 14:44:29
CS115333,2022-07-20 5:59:00,2022-07-20 5:59:15,2022-07-21 7:45:54,2022-07-21 7:52:36,"1,980",2022-07-21 14:05:06
CS115332,2022-07-20 5:44:18,2022-07-20 5:58:17,2022-07-21 9:20:18,2022-07-21 10:17:57,"1,788.27",2022-07-21 17:14:19
CS115331,2022-07-20 5:40:47,2022-07-20 5:47:14,2022-07-20 22:14:01,2022-07-20 22:14:04,459.36,2022-07-21 9:21:20
CS115330,2022-07-20 5:40:25,2022-07-20 5:47:14,2022-07-20 10:13:10,2022-07-20 10:47:14,"2,317.34",2022-07-20 18:01:22
CS115329,2022-07-20 5:34:48,2022-07-20 5:47:37,2022-07-20 12:08:37,2022-07-20 12:33:02,428.73,2022-07-20 14:34:22
CS115328,2022-07-19 23:54:06,2022-07-19 23:56:43,2022-07-20 10:50:04,2022-07-20 11:04:49,825.75,2022-07-20 16:21:28
CS115327,2022-07-19 23:25:46,2022-07-19 23:29:09,2022-07-20 12:37:31,2022-07-20 12:43:23,17.8,2022-07-20 16:37:29
CS115326,2022-07-19 22:52:48,2022-07-20 11:56:37,2022-07-20 11:58:25,2022-07-20 11:58:28,7.85,2022-07-20 14:45:17
CS115325,2022-07-19 22:52:38,2022-07-19 23:10:10,2022-07-19 23:27:18,2022-07-19 23:27:21,246,2022-07-20 8:44:03
CS115322,2022-07-19 22:11:26,2022-07-19 22:12:11,2022-07-20 10:51:51,2022-07-20 11:18:18,104,2022-07-20 14:45:15
CS115321,2022-07-19 21:19:12,2022-07-19 21:22:56,2022-07-20 11:42:53,2022-07-20 12:55:27,"1,932",2022-07-20 16:39:12
CS115320,2022-07-19 21:10:06,2022-07-20 10:25:56,2022-07-20 10:26:08,2022-07-20 10:26:11,3,2022-07-21 8:30:26
CS115319,2022-07-19 21:09:59,2022-07-19 21:10:09,2022-07-20 17:32:12,2022-07-20 18:05:06,"2,999.76",2022-07-21 8:30:29
CS115318,2022-07-19 21:00:07,2022-07-19 21:06:30,2022-07-20 14:08:46,2022-07-20 14:28:17,267,2022-07-21 8:25:36
CS115317,2022-07-19 20:54:35,2022-07-19 20:55:18,2022-07-20 10:45:31,2022-07-20 11:08:50,455.71,2022-07-20 16:15:39
CS115316,2022-07-19 20:48:06,2022-07-20 8:40:59,2022-07-20 8:41:01,2022-07-20 8:41:03,220,2022-07-20 11:50:58
CS115315,2022-07-19 20:48:02,2022-07-19 20:48:09,2022-07-20 10:51:01,2022-07-20 11:20:31,"1,207.15",2022-07-20 16:11:28
CS115308,2022-07-19 20:08:24,2022-07-19 20:09:37,2022-07-20 9:31:45,2022-07-20 10:13:24,"2,876",2022-07-20 14:39:25
CS115305,2022-07-19 19:36:37,2022-07-19 19:46:13,2022-07-20 10:08:52,2022-07-20 12:17:13,442.4,2022-07-20 16:00:40
CS115302,2022-07-19 19:08:54,2022-07-19 19:08:58,2022-07-20 9:45:06,2022-07-20 10:02:22,339.62,2022-07-20 12:37:28
CS115301,2022-07-19 18:57:54,2022-07-19 18:58:15,2022-07-19 20:18:56,2022-07-19 20:19:00,"7,392",2022-07-20 12:32:50
CS115297,2022-07-19 18:21:18,2022-07-20 8:13:53,2022-07-20 8:14:05,2022-07-20 8:14:10,130.32,2022-07-20 14:18:35
CS115296,2022-07-19 18:21:15,2022-07-19 18:21:21,2022-07-20 8:29:18,2022-07-20 8:48:20,195.6,2022-07-20 14:18:37
CS115294,2022-07-19 18:08:57,2022-07-19 18:11:26,2022-07-20 8:29:10,2022-07-20 8:48:15,166.4,2022-07-20 15:15:39
CS115287,2022-07-19 17:58:51,2022-07-19 19:53:11,2022-07-19 19:53:15,2022-07-19 19:53:17,10,2022-07-20 13:45:44
CS115286,2022-07-19 17:58:36,2022-07-19 18:02:04,2022-07-20 8:14:13,2022-07-20 8:38:50,3.5,2022-07-20 13:45:40
CS115285,2022-07-19 17:56:04,2022-07-21 8:07:49,2022-07-21 8:08:13,2022-07-21 8:08:16,0,
CS115284,2022-07-19 17:55:58,2022-07-19 18:02:05,2022-07-20 9:06:00,2022-07-20 10:01:39,853.75,2022-07-21 13:46:43
CS115283,2022-07-19 17:47:54,2022-07-19 17:47:57,2022-07-19 19:54:10,2022-07-19 19:54:15,162.75,
CS115282,2022-07-19 17:46:44,2022-07-19 17:47:31,2022-07-20 9:32:20,2022-07-20 9:44:55,441,2022-07-20 12:58:06
CS115281,2022-07-19 17:44:49,2022-07-20 8:15:37,2022-07-20 8:15:38,2022-07-20 8:15:41,20,2022-07-21 11:20:34
CS115280,2022-07-19 17:44:41,2022-07-19 18:06:22,2022-07-19 23:02:35,2022-07-19 23:02:36,"8,869.97",2022-07-21 11:20:32
CS115279,2022-07-19 17:44:19,2022-07-19 17:44:27,2022-07-19 20:12:21,2022-07-19 20:46:44,"1,188",2022-07-20 13:37:50
CS115278,2022-07-19 17:39:26,2022-07-19 17:44:13,2022-07-20 10:50:12,2022-07-20 12:56:14,831.93,2022-07-20 15:54:33
CS115276,2022-07-19 17:33:43,2022-07-19 19:51:11,2022-07-19 19:51:18,2022-07-19 19:51:19,52.39,2022-07-20 11:19:55
CS115275,2022-07-19 17:33:39,2022-07-19 17:33:46,2022-07-20 8:46:53,2022-07-20 9:11:04,149.36,2022-07-20 13:02:41
CS115274,2022-07-19 17:26:00,2022-07-19 17:28:58,2022-07-20 8:51:13,2022-07-20 10:47:46,924.63,2022-07-20 14:37:39
CS115272,2022-07-19 17:16:25,2022-07-20 8:45:41,2022-07-20 10:16:49,2022-07-20 11:29:57,"2,400",2022-07-20 14:07:51
CS115271,2022-07-19 17:16:02,2022-07-19 17:16:05,2022-07-20 11:09:10,2022-07-20 11:36:38,0,2022-07-20 16:46:24
CS115270,2022-07-19 17:07:47,2022-07-19 17:12:31,2022-07-20 9:46:50,2022-07-20 10:03:32,349.2,2022-07-20 13:52:12
CS115269,2022-07-19 17:06:39,2022-07-19 17:12:23,2022-07-20 8:39:01,2022-07-20 8:46:26,54.24,2022-07-20 13:02:22
CS115262,2022-07-19 16:51:59,2022-07-19 16:52:03,2022-07-20 7:55:47,2022-07-20 8:27:50,278.4,2022-07-20 15:14:56
CS115261,2022-07-19 16:50:27,2022-07-19 16:50:46,2022-07-20 7:50:13,2022-07-20 8:11:03,168,2022-07-20 15:14:04
CS115260,2022-07-19 16:50:01,2022-07-19 16:57:21,2022-07-20 8:15:47,2022-07-20 8:40:46,356,2022-07-20 11:08:44
CS115259,2022-07-19 16:44:29,2022-07-19 19:32:59,2022-07-19 19:33:06,2022-07-19 19:33:08,2.96,2022-07-20 12:39:17
CS115258,2022-07-19 16:44:24,2022-07-19 16:54:27,2022-07-20 7:45:47,2022-07-20 8:00:33,61.68,2022-07-20 12:39:15
CS115257,2022-07-19 16:41:41,2022-07-20 8:13:10,2022-07-20 8:13:17,2022-07-20 8:13:23,195.48,2022-07-20 11:25:16
CS115256,2022-07-19 16:41:32,2022-07-20 7:48:59,2022-07-20 8:13:11,2022-07-20 9:30:42,"2,563.94",2022-07-20 14:04:04
CS115255,2022-07-19 16:40:35,2022-07-19 19:33:28,2022-07-19 19:33:35,2022-07-19 19:33:36,530,2022-07-20 12:51:47
CS115254,2022-07-19 16:40:33,2022-07-19 16:41:13,2022-07-20 7:27:26,2022-07-20 7:49:38,"1,350",2022-07-20 12:51:56
CS115253,2022-07-19 16:38:37,2022-07-19 16:38:40,2022-07-20 7:25:58,2022-07-20 7:35:19,4.73,2022-07-20 15:14:37
CS115252,2022-07-19 16:38:12,2022-07-19 19:31:51,2022-07-19 19:32:16,2022-07-19 19:32:20,3.8,2022-07-20 10:12:34
CS115251,2022-07-19 16:38:07,2022-07-19 16:38:16,2022-07-20 8:00:19,2022-07-20 8:00:21,4.68,2022-07-20 14:00:13
CS115250,2022-07-19 16:36:38,2022-07-19 16:40:20,2022-07-19 19:15:35,2022-07-19 19:15:37,70.08,2022-07-20 9:47:11
CS115248,2022-07-19 16:29:40,2022-07-19 19:30:50,2022-07-19 19:31:01,2022-07-19 19:31:03,17.26,2022-07-20 10:49:39
CS115247,2022-07-19 16:29:09,2022-07-19 16:29:41,2022-07-20 7:25:46,2022-07-20 7:25:49,9.4,2022-07-20 14:34:54
CS115246,2022-07-19 16:29:02,2022-07-19 16:29:08,2022-07-20 8:16:16,2022-07-20 9:05:25,345.72,2022-07-20 12:05:38
CS115239,2022-07-19 16:13:54,2022-07-19 16:13:57,2022-07-19 16:22:01,2022-07-20 5:58:27,60,
CS115233,2022-07-19 16:05:38,2022-07-19 16:05:43,2022-07-19 16:06:06,2022-07-19 18:40:44,205,2022-07-20 10:17:41
CS115232,2022-07-19 16:02:18,2022-07-19 16:02:24,2022-07-19 20:50:27,2022-07-19 21:22:33,"3,456",2022-07-20 13:45:00
CS115231,2022-07-19 16:01:44,2022-07-19 16:01:55,2022-07-19 20:27:29,2022-07-19 20:47:17,"3,456",2022-07-20 13:37:47
CS115230,2022-07-19 16:01:21,2022-07-19 16:01:23,2022-07-19 17:59:50,2022-07-19 18:17:50,"3,696",2022-07-20 13:37:58
CS115229,2022-07-19 16:00:44,2022-07-19 16:00:47,2022-07-19 18:42:50,2022-07-19 21:23:50,"3,696",2022-07-20 13:37:39
CS115228,2022-07-19 15:56:09,2022-07-19 15:56:18,2022-07-20 7:53:14,2022-07-20 8:10:22,726,2022-07-20 13:44:13
CS115223,2022-07-19 15:40:52,2022-07-19 19:15:14,2022-07-19 19:15:16,2022-07-19 19:15:17,10,2022-07-20 11:29:33
CS115222,2022-07-19 15:40:43,2022-07-19 15:41:10,2022-07-20 7:36:06,2022-07-20 8:13:39,"2,080",2022-07-20 15:16:00
CS115219,2022-07-19 15:35:11,2022-07-19 15:35:23,2022-07-19 17:17:33,2022-07-19 17:17:35,686,2022-07-20 12:46:44
CS115217,2022-07-19 15:28:05,2022-07-19 15:28:15,2022-07-20 5:27:54,2022-07-20 7:26:12,"1,037.54",2022-07-20 12:56:30
CS115215,2022-07-19 15:24:50,2022-07-19 17:14:00,2022-07-19 17:14:46,2022-07-19 17:15:09,13,2022-07-20 12:29:52
CS115214,2022-07-19 15:24:44,2022-07-19 15:24:58,2022-07-20 5:32:47,2022-07-20 7:44:09,16.39,2022-07-20 15:13:14
CS115212,2022-07-19 15:22:56,2022-07-19 15:24:56,2022-07-20 14:22:13,2022-07-20 14:33:08,48,2022-07-21 6:29:37
CS115206,2022-07-19 15:13:38,2022-07-19 15:16:00,2022-07-20 5:27:19,2022-07-20 6:35:02,"1,501.95",2022-07-20 12:40:16
CS115202,2022-07-19 15:08:27,2022-07-19 18:45:56,2022-07-19 18:46:02,2022-07-19 18:46:05,10,2022-07-20 10:39:36
CS115201,2022-07-19 15:08:19,2022-07-19 15:08:28,2022-07-20 5:33:45,2022-07-20 7:18:13,0,2022-07-20 14:50:44
CS115197,2022-07-19 15:02:42,2022-07-19 15:05:33,2022-07-20 5:29:26,2022-07-20 8:05:02,123.44,2022-07-20 15:13:40
CS115196,2022-07-19 15:00:29,2022-07-19 15:05:32,2022-07-20 2:14:35,2022-07-20 2:14:37,244.2,2022-07-20 9:20:05
CS115195,2022-07-19 15:00:02,2022-07-20 6:12:26,2022-07-20 6:35:48,2022-07-20 7:10:43,"1,629",2022-07-20 12:51:43
CS115193,2022-07-19 14:58:30,2022-07-19 15:03:05,2022-07-20 2:14:02,2022-07-20 2:14:06,392,2022-07-20 12:44:44
CS115186,2022-07-19 14:37:45,2022-07-19 14:40:03,2022-07-20 5:00:42,2022-07-20 7:34:04,"3,594.76",2022-07-20 13:08:38
CS115185,2022-07-19 14:37:20,2022-07-19 14:40:03,2022-07-20 2:15:09,2022-07-20 2:15:11,71.2,2022-07-20 12:02:18
CS115182,2022-07-19 14:25:14,2022-07-19 14:25:31,2022-07-19 23:33:54,2022-07-19 23:33:56,318.56,2022-07-20 11:17:46
CS115181,2022-07-19 14:24:20,2022-07-19 14:24:23,2022-07-20 5:32:16,2022-07-20 8:28:45,67.35,2022-07-20 12:08:13
CS115180,2022-07-19 14:23:57,2022-07-19 14:24:02,2022-07-20 2:13:17,2022-07-20 2:13:25,"1,020",2022-07-20 13:06:09
CS115179,2022-07-19 14:21:32,2022-07-19 14:21:35,2022-07-19 23:33:20,2022-07-19 23:33:21,666.4,2022-07-20 13:19:48
CS115178,2022-07-19 14:21:04,2022-07-19 14:21:07,2022-07-19 20:10:07,2022-07-19 20:44:55,"2,244",2022-07-20 9:09:05
CS115176,2022-07-19 14:20:08,2022-07-19 14:21:30,2022-07-19 23:16:27,2022-07-19 23:16:30,"1,228.46",2022-07-20 10:36:30
CS115175,2022-07-19 14:19:34,2022-07-19 14:21:30,2022-07-19 23:28:35,2022-07-19 23:28:42,"2,483.74",2022-07-20 12:06:45
CS115174,2022-07-19 14:19:27,2022-07-19 14:21:30,2022-07-19 23:38:08,2022-07-19 23:38:10,93.2,2022-07-20 11:57:32
CS115173,2022-07-19 14:18:04,2022-07-19 14:18:07,2022-07-19 23:39:06,2022-07-19 23:39:08,19.47,2022-07-20 10:50:16
CS115171,2022-07-19 14:15:34,2022-07-19 14:15:38,2022-07-19 16:50:42,2022-07-19 16:59:29,"2,508",2022-07-20 15:17:35
CS115170,2022-07-19 14:14:55,2022-07-19 14:15:05,2022-07-19 16:43:49,2022-07-19 16:55:03,"3,696",2022-07-20 9:10:03
CS115169,2022-07-19 14:14:34,2022-07-19 14:14:41,2022-07-19 16:59:48,2022-07-19 21:23:37,"3,696",2022-07-20 9:09:59
CS115168,2022-07-19 14:11:12,2022-07-19 14:14:18,2022-07-19 23:32:50,2022-07-19 23:32:51,"1,784.68",
CS115167,2022-07-19 14:10:13,2022-07-19 14:10:20,2022-07-19 15:39:46,2022-07-19 16:44:29,"3,340",2022-07-20 9:06:08
CS115165,2022-07-19 14:09:27,2022-07-19 14:09:29,2022-07-19 15:06:32,2022-07-19 15:06:47,"3,544",2022-07-20 9:05:33
CS115164,2022-07-19 14:09:13,2022-07-19 18:43:59,2022-07-19 18:44:45,2022-07-19 18:44:51,10.07,2022-07-20 8:54:36
CS115163,2022-07-19 14:06:37,2022-07-19 18:58:10,2022-07-19 20:48:46,2022-07-19 21:11:00,"7,788",2022-07-20 8:12:54
CS115157,2022-07-19 14:03:20,2022-07-19 16:12:50,2022-07-19 16:13:07,2022-07-19 16:13:11,20,2022-07-20 10:32:28
CS115155,2022-07-19 14:01:49,2022-07-19 14:03:05,2022-07-19 23:39:36,2022-07-19 23:39:37,14.28,2022-07-20 11:47:05
CS115154,2022-07-19 14:01:38,2022-07-19 14:03:05,2022-07-20 20:09:29,2022-07-20 21:24:42,"3,180.60",2022-07-21 7:45:16
CS115151,2022-07-19 13:59:03,2022-07-21 7:24:55,2022-07-21 7:24:56,2022-07-21 7:24:57,55,2022-07-22 10:04:52
CS115150,2022-07-19 13:58:44,2022-07-21 15:59:42,2022-07-21 17:02:06,2022-07-21 17:02:09,253.16,2022-07-22 10:19:23
CS115149,2022-07-19 13:53:03,2022-07-19 16:08:30,2022-07-19 16:10:29,2022-07-19 16:10:30,25.52,2022-07-20 9:47:15
CS115148,2022-07-19 13:52:55,2022-07-19 16:36:39,2022-07-19 16:16:22,2022-07-19 16:38:13,6.53,2022-07-20 9:47:13
CS115147,2022-07-19 13:51:59,2022-07-19 13:52:36,2022-07-19 23:17:31,2022-07-19 23:17:32,712,2022-07-20 11:34:37
CS115143,2022-07-19 13:46:06,2022-07-19 13:46:16,2022-07-19 14:13:33,2022-07-19 14:21:18,"1,824",2022-07-19 17:44:03
CS115142,2022-07-19 13:45:36,2022-07-19 13:45:41,2022-07-19 14:08:10,2022-07-19 14:18:47,"2,156",2022-07-19 17:43:43
CS115139,2022-07-19 13:42:40,2022-07-19 13:42:52,2022-07-19 23:34:32,2022-07-19 23:34:35,161.12,2022-07-20 12:18:52
CS115138,2022-07-19 13:40:12,2022-07-19 13:40:18,2022-07-19 23:17:57,2022-07-19 23:18:00,570,2022-07-20 11:03:07
CS115137,2022-07-19 13:38:54,2022-07-19 13:38:56,2022-07-19 14:18:59,2022-07-19 14:40:26,"1,050.20",2022-07-19 17:44:17
CS115136,2022-07-19 13:38:11,2022-07-19 13:38:23,2022-07-19 13:41:43,2022-07-19 14:02:18,"2,616.60",2022-07-19 16:56:00
CS115135,2022-07-19 13:36:45,2022-07-19 13:38:29,2022-07-19 20:11:39,2022-07-19 20:20:23,9.84,2022-07-20 10:27:25
CS115134,2022-07-19 13:35:20,2022-07-19 13:38:28,2022-07-19 23:38:35,2022-07-19 23:38:37,33.43,2022-07-20 10:38:47
CS115133,2022-07-19 13:32:42,2022-07-19 13:38:28,2022-07-19 20:21:26,2022-07-19 20:44:15,3.7,2022-07-20 10:54:55
CS115132,2022-07-19 13:32:38,2022-07-19 15:28:33,2022-07-19 15:28:48,2022-07-19 15:28:57,373.38,2022-07-20 9:57:26
CS115131,2022-07-19 13:32:34,2022-07-19 13:38:28,2022-07-19 18:53:51,2022-07-19 19:08:19,336.06,2022-07-20 9:57:45
CS115130,2022-07-19 13:29:59,2022-07-19 15:29:44,2022-07-19 15:29:54,2022-07-19 15:30:02,29.95,2022-07-20 10:44:49
CS115127,2022-07-19 13:23:34,2022-07-21 16:02:28,2022-07-21 15:10:02,2022-07-21 16:03:07,"16,678.68",
CS115126,2022-07-19 13:23:23,2022-07-21 15:39:16,2022-07-21 15:42:36,2022-07-21 15:42:38,"5,963.64",
CS115125,2022-07-19 13:22:29,2022-07-19 18:47:05,2022-07-19 18:47:17,2022-07-19 18:47:19,15,2022-07-20 11:10:36
CS115123,2022-07-19 13:16:42,2022-07-19 13:16:46,2022-07-19 22:20:18,2022-07-19 22:20:20,155.45,2022-07-20 10:35:44
CS115122,2022-07-19 13:15:40,2022-07-19 13:15:46,2022-07-19 19:21:21,2022-07-19 19:42:47,6.5,2022-07-20 10:27:47
CS115121,2022-07-19 13:14:24,2022-07-19 13:14:25,2022-07-19 14:18:21,2022-07-20 5:58:07,0.57,
CS115120,2022-07-19 13:14:15,2022-07-19 13:15:11,2022-07-19 22:19:54,2022-07-19 22:19:58,285.49,2022-07-20 10:01:20
CS115118,2022-07-19 13:13:04,2022-07-19 15:35:21,2022-07-19 14:41:18,2022-07-19 15:37:05,"6,532.43",2022-07-20 12:46:46
CS115117,2022-07-19 13:09:28,2022-07-19 13:11:57,2022-07-19 22:18:22,2022-07-19 22:18:23,"1,161.20",2022-07-20 9:15:30
CS115114,2022-07-19 13:02:38,2022-07-19 15:20:29,2022-07-19 15:20:38,2022-07-19 15:20:39,40,2022-07-20 10:44:25
CS115108,2022-07-19 12:52:27,2022-07-19 15:23:47,2022-07-19 15:23:54,2022-07-19 15:23:56,1,2022-07-20 13:39:00
CS115107,2022-07-19 12:52:15,2022-07-19 17:44:27,2022-07-19 20:46:06,2022-07-19 21:56:58,"2,942.41",2022-07-20 13:44:43
CS115105,2022-07-19 12:49:28,2022-07-19 12:52:08,2022-07-19 16:52:50,2022-07-19 16:52:54,67,2022-07-20 10:14:29
CS115097,2022-07-19 12:46:11,2022-07-19 12:51:40,2022-07-19 22:17:54,2022-07-19 22:17:56,"1,578.20",2022-07-20 12:51:45
CS115096,2022-07-19 12:45:50,2022-07-19 15:23:18,2022-07-19 15:23:23,2022-07-19 15:23:27,7.29,2022-07-20 10:15:58
CS115095,2022-07-19 12:45:39,2022-07-19 12:55:33,2022-07-19 16:25:11,2022-07-19 16:32:51,6.83,2022-07-20 10:16:01
CS115094,2022-07-19 12:43:03,2022-07-19 13:06:38,2022-07-19 13:06:39,2022-07-19 13:06:40,45,2022-07-20 10:55:16
CS115093,2022-07-19 12:42:46,2022-07-19 12:46:54,2022-07-19 13:07:54,2022-07-19 13:12:28,55,2022-07-20 10:55:19
CS115092,2022-07-19 12:39:56,2022-07-19 12:40:58,2022-07-19 22:19:26,2022-07-19 22:19:28,350.3,2022-07-20 9:53:58
CS115091,2022-07-19 12:39:01,2022-07-19 12:40:58,2022-07-19 22:18:34,2022-07-19 22:18:52,"1,148.96",2022-07-20 10:34:15
CS115086,2022-07-19 12:31:55,2022-07-19 12:32:07,2022-07-19 13:19:07,2022-07-19 13:42:37,355.28,2022-07-20 8:28:30
CS115084,2022-07-19 12:27:59,2022-07-19 16:13:57,2022-07-19 16:22:24,2022-07-19 18:26:13,190.4,2022-07-20 6:57:11
CS115078,2022-07-19 12:21:33,2022-07-19 12:26:21,2022-07-19 20:51:48,2022-07-19 21:02:31,75.56,2022-07-20 9:46:28
CS115076,2022-07-19 12:19:54,2022-07-19 12:20:00,2022-07-19 15:59:37,2022-07-19 16:08:26,106.8,2022-07-20 9:51:08
CS115075,2022-07-19 12:18:27,2022-07-19 12:18:32,2022-07-19 15:47:30,2022-07-19 15:54:20,18,2022-07-20 9:17:49
CS115074,2022-07-19 12:14:06,2022-07-19 12:18:22,2022-07-19 16:44:43,2022-07-19 17:07:34,"1,190.10",2022-07-20 9:25:46
CS115069,2022-07-19 12:06:20,2022-07-19 12:06:22,2022-07-19 12:08:27,2022-07-19 12:19:28,275.25,2022-07-20 11:32:16
CS115068,2022-07-19 12:06:01,2022-07-19 13:14:57,2022-07-19 13:15:07,2022-07-19 13:15:10,26.67,2022-07-20 7:54:57
CS115066,2022-07-19 12:04:47,2022-07-21 11:48:38,2022-07-21 11:48:39,2022-07-21 11:48:40,15.44,2022-07-22 10:20:47